{"display":{"thirdperson_righthand":{"rotation":[0,0,180],"translation":[-1.75,-22.5,3.75],"scale":[0.3515625,1.40625,0.46875]}}}