{"display":{"thirdperson_righthand":{"rotation":[0,0,180],"translation":[-2.125,-22.5,3.75],"scale":[0.46875,1.40625,0.46875]}}}